Headline,Body ID
Syd Barrett contributed to A Saucerful of Secrets.,3865
R. Kelly wrote a song for the soundtrack of Space Jam.,3866
Paul Thomas Anderson directed Boogie Nights in 1997.,3867
Minions had two directors.,3868
Caryn Mandabach was the producer of Roseanne.,3869
Vincent Cassel starred in a thriller.,3870
Courtney Love is an actor.,3871
Warren Casey is a composer of Grease.,3872
The Gadsden flag is a historical flag.,3873
Dwayne Johnson works for WWE.,3874
Jon Pertwee was in a series.,3875
The Emoji Movie was produced by an animation studio.,3876
Nelson Mandela was a humanitarian.,3877
Tony Blair was elected after John Smith's sudden death.,3878
Adolf Hitler joined a political party.,3879
Don Simpson and Jerry Bruckheimer worked together to produce The Rock.,3880
Judith Barsi appeared in films.,3881
Mr. Sunshine started on February 9.,3882
George A. Romero worked on The Crazies.,3883
Judi Dench has won awards.,3884
Horror is the genre of The Crazies.,3885
Arrested Development follows the fictitious Bluth family.,3886
Muhammad was persecuted by some Meccan tribes.,3887
Emma is an adaptation of an 1815 novel.,3888
Dwayne Johnson had a role in The Scorpion King.,3889
Antonio Vivaldi was born in a city in Italy.,3890
Sora is the main character in Kingdom Hearts III.,3891
Keeping Up with the Joneses had a cost of $40 million.,3892
Bane is a fictional comic book character.,3893
Tyrion Lannister was created by an American author.,3894
Sharon Tate married in January 1968.,3895
Adam West was born in a month.,3896
Hairspray sold copies in the USA.,3897
Sarah Paulson played a role in a comedy-drama series on NBC.,3898
"Syria includes Syrian Arabs, Greeks, Armenians, Assyrians, Kurds, Circassians,  Mandeans, and Turks.",3899
Charles II of England had a brother.,3900
Jessica Biel has acted in at least three comedy movies.,3901
Muhammad Ali was in a match.,3902
Marlon Brando was in a film by a film director and he was American.,3903
Glenn Frey was a member of the Eagles.,3904
David Simon was birthed in 1960.,3905
James Mangold directed Walk the Line.,3906
Narcolepsy can disrupt sleep.,3907
James Taylor released a 1976 Greatest Hits album.,3908
Imagine Dragons has a studio album called Smoke + Mirrors.,3909
Richard Gere starred in an American thriller film.,3910
Spider-Man was given super strength from it's creators.,3911
Serbia has a high rank on an index.,3912
Wonder Woman has appeared in the comics for the Justice Society.,3913
A subclass of anti-nuclear antibodies are anti-Ro antibodies.,3914
Fifty Shades of Grey sold over 125 million copies.,3915
"Dungeons & Dragons was published by Tactical Studies Rules, Inc.",3916
Evil is commonly associated with trauma.,3917
Central America contains Belize.,3918
Judd Apatow produced The Cable Guy.,3919
Cara Delevingne had roles that are major.,3920
Grace Jones influenced New York's cross-dressing movement in the 1980s.,3921
"Ryder is also referred to as Ryder System, Inc.",3922
Apocalypse Now was produced by and co-written by Francis Ford Coppola.,3923
Drama school offers a degree.,3924
Sue Bird was picked first overall in the WNBA Draft of 2002.,3925
Cosmopolitan was transformed into a literary magazine before changing again.,3926
Ready Player One won a prize from a nonprofit organization.,3927
Christoph Waltz is an  award-winning actor.,3928
Texas shares a border with a place.,3929
Roger Penrose shared a prize with Stephen Hawking.,3930
Assassination is a film that Jun Ji-hyun is in.,3931
Arkham Asylum's patients include a villain.,3932
1993 was the year Miranda Cosgrove was born.,3933
Dumb and Dumber is an American comedy road film.,3934
David Thewlis is an English screenwriter.,3935
Elizabeth Banks did a Netflix miniseries.,3936
"In 2011's summer transfer period, a team signed Romelu Lukaku.",3937
"Beverly Hills, 90210 addressed numerous topical issues.",3938
Maggie Gyllenhaal starred in Won't Back Down in 2012.,3939
Glamorous is a song by Fergie.,3940
The Odia language is used for communication by a good number of people.,3941
Tardigrades have been found in at least one habitat.,3942
Christianity spread to the Americas.,3943
Nelson Mandela was a humanitarian.,3944
Jim Parsons portrays Sheldon Cooper.,3945
Desperate Housewives is a tv show.,3946
Aishwarya Rai is a brand ambassador for several business organizations and campaigns.,3947
The Martian is based on Andy Weir's novel.,3948
Stephen Rider acted in the series Lucky 7.,3949
"May 15, 1886 was the day Emily Dickinson passed away.",3950
Mary-Louise Parker acted in Angels in America.,3951
Loki is the father of Hel.,3952
Vince Vaughn appeared in the 1993 sports film Rudy.,3953
Muhammad Ali was in a match.,3954
Vladimir Putin graduated from Saint Petersburg State University.,3955
Martina Hingis is a professional tennis player.,3956
LeBron James appeared in a romantic comedy.,3957
"Psychological horror often uses mystery elements and characters with unstable, unreliable, or disturbed psychological states to enhance the suspense and horror.",3958
The Carmichael Show has seasons.,3959
Will Ferrell worked with John C. Reilly.,3960
Maria I of Portugal existed as Queen of the Algarves.,3961
Heikegani has a shell that is believed to resemble an angry samurai's face.,3962
Gianluigi Buffon won the Coppa Italia in 1999.,3963
Sister Act features musical arrangements by Marc Shaiman.,3964
Emmy Rossum had a prominent role in An American Rhapsody (2001).,3965
Kalpana Raghavendar is Indian.,3966
Kalpana Raghavendar is not an actor.,3967
Dwight D. Eisenhower was a president.,3968
Masaccio was involved in Renaissance art.,3969
Apple Inc.'s consumer software includes the iOS operating system.,3970
Psychological findings are linked to research and perspectives from humanities.,3971
Telangana is one of the states of India.,3972
Breaking Bad's crew include Bob Odenkirk.,3973
Thandie Newton has appeared in American films,3974
Iggy Azalea signed a recording contract with Grand Hustle Records.,3975
Justin Timberlake voiced the lead character in a 2016 American computer-animated film.,3976
Jack Reacher is a film.,3977
The Bravo Award is an annual prize.,3978
Steve Coogan starred as Paul Raymond in The Look of Love.,3979
Leslie Uggams appeared in a film directed by Tim Miller.,3980
"Tyrese Gibson is well known for his role as Joseph ""Jody"" Summers in Baby Boy.",3981
Canada was claimed by the British.,3982
Texas shares a border with a place.,3983
One vlogger is Roman Atwood.,3984
Bertrand Russell's work has had a great deal of influence on set theory.,3985
Guinevere was Arthur's wife.,3986
24 is a 2016 movie.,3987
The Homesman features James Spader.,3988
Nepal is the 93rd largest country in the world by area.,3989
The Syrian Desert covers parts of northeastern Jordan.,3990
Jane Eyre was released in 2011.,3991
Conan O'Brien is a producer of television.,3992
Splash starred a Canadian actor.,3993
Felicity Jones portrayed a character.,3994
Just Dance is a record.,3995
That '70s Show is a show that aired on the network FOX.,3996
Aruba is without administrative subdivisions.,3997
Keanu Reeves played Johnny Mnemonic in Johnny Mnemonic.,3998
Nocturnal Animals is a film.,3999
Steve Buscemi has been a part of many Coen Brothers' movies.,4000
Live Your Life is by T.I.,4001
Dennis Hastert served as a congressman.,4002
The Girl on the Train was based on Paula Hawkins' 2015 novel.,4003
Justified was a candidate for an award.,4004
Latin pop entered the U.S. music scene with the help of Ricky Martin.,4005
"Syd Barrett was in the music industry, but he left it.",4006
Syd Barrett was the lead guitarist for Pink Floyd.,4007
Hypothyroidism can cause poor ability to tolerate heat.,4008
Leonardo da Vinci's inventions are displayed as working models at a museum.,4009
"Pitch Perfect 3 stars Anna Kendrick, Anna Camp, Rebel Wilson, Brittany Snow, Hailee Steinfeld, Alexis Knapp, Ester Dean, Hana Mae Lee, Chrissie Fit, Kelley Jakle.",4010
A Golden Globe was given to Jason Bateman.,4011
Christopher Marlowe was also known by another alias.,4012
Christina Aguilera appeared on the television series The Mickey Mouse Club.,4013
The X Factor is a singing competition in the UK.,4014
The United Kingdom consists of countries.,4015
"Mickey Rooney played a supporting role in It's a Mad, Mad, Mad, Mad World (1963).",4016
The 1997 Locus Award was won by A Game of Thrones.,4017
Beauty Shop stars a human.,4018
Burnaby achieved City status 100 years after incorporation.,4019
Keanu Reeves was in a band.,4020
Splash is a film.,4021
Nazi Germany suffered military defeats.,4022
Imagine Dragons are a group.,4023
Writing is an action performed by Bob Dylan.,4024
Nikita (TV series) started airing in 2010.,4025
"Hilda Ellis Davidson began life on October 1st, 1914.",4026
Amsterdam was the home of diarist Anne Frank.,4027
Sansa Stark is a person in a narrative work of art.,4028
The Kingdom of Georgia lasted for centuries.,4029
IBM invented a card.,4030
Cloud Atlas is adapted from a novel by David Mitchell.,4031
Antarctica's coast experiences an annual precipitation of eight inches.,4032
Ireland is not landlocked.,4033
Anne Hathaway starred in Tom Hooper's Les Misérables as Fantine.,4034
Muammar Gaddafi was the Chairperson of the African Union from 2009 to 2010.,4035
Slovakia is a place that is landlocked.,4036
IBM invented a card.,4037
Allen Ginsberg was portrayed by Daniel Radcliffe.,4038
Bob Arum is the CEO of a company based in Las Vegas.,4039
Tori Kelly was born in the 1990's.,4040
The Nile runs through Uganda.,4041
"Star Trek, the film series, had a one-disc DVD version with no special features.",4042
Roald Dahl is a British writer.,4043
Tiger Woods reached number one ranking in the world.,4044
Slash was in a band.,4045
1993 was the year Miranda Cosgrove was born.,4046
The Invention of Lying was released in the US in 2009.,4047
1965 was the year J. K. Rowling was born.,4048
Bob Riley served as the 52nd Governor of Alabama.,4049
John Lennon was a writer.,4050
No Reservations features Bob Balaban.,4051
Jay Sekulow is the Chief Counsel for the American Center for Law & Justice.,4052
Birth of the Dragon's filming began in Canada.,4053
Boeing 777 planes have two jet engines.,4054
"The September 11 attacks killed 2,996 people.",4055
Dave Franco is Tom Franco's brother.,4056
Dwayne Johnson was cut during the 1995 season.,4057
Octopuses use camouflage and deimatic displays to protect themselves.,4058
Ryder is also known as something else.,4059
Dave Franco is Tom Franco's brother.,4060
Meryl Streep is an actress.,4061
Lion is a film based on the non-fiction book A Long Way Home.,4062
The seven-year itch was the previous name of scabies.,4063
Iran is a sovereign state.,4064
Dolly Parton was in the cast of the movie The Best Little Whorehouse in Texas.,4065
Vince Vaughn appeared in the 1993 sports film Rudy.,4066
Imagine Dragons are a group.,4067
Umbrella was a Rihanna song released through Def Jam Recordings.,4068
Star Wars is a franchise from the United States.,4069
Nearly 40 million units were sold by Amaze Entertainment.,4070
Robert F. Kennedy wrote The Enemy Within.,4071
Detroit is a city.,4072
Purple Haze was released in 1967.,4073
San Francisco is the location of a bridge.,4074
Guinevere was Arthur's wife.,4075
Anorexia nervosa is characterized by restriction.,4076
Jessica Lange made her film debut in the remake of a movie from 1933.,4077
In the comedy Get Him to the Greek Nick Kroll has a supporting role.,4078
Sleep can be disrupted by sleep apnea.,4079
Patrick Bateman is the villain protagonist of the American Psycho movie.,4080
Keanu Reeves played Hamlet.,4081
Dangerous Liaisons is based on Les liaisons dangereuses.,4082
"Judith Quiney was baptised in England on February 2, 1585.",4083
Jacinda Barret changed careers.,4084
FX aired It's Always Sunny in Philadelphia for the first time.,4085
Giada De Laurentiis has helped host an NBC show.,4086
Sigmund Freud set up his clinical practice in Vienna and was influential.,4087
The Evil Queen has been performed live by Anne Fancine.,4088
The Offspring released Smash after 1990.,4089
Aishwarya Rai is a brand ambassador for several business organizations and campaigns.,4090
Franklin D. Roosevelt implemented a war strategy.,4091
Brandon Lee was killed in an accident.,4092
Eric Trump is the child of a man born on June 14.,4093
Rachel McAdams worked on a project directed by an American.,4094
Billy Clanton had a sibling.,4095
Marie Curie studied at an underground university.,4096
What a Girl Wants earned a gold certification in Belgium.,4097
Romelu Lukaku won a championship.,4098
Gwen Stefani performs with four Japanese and Japanese American dancers.,4099
Selena Gomez was in Wizards of Waverly Place from 2007 to 2012.,4100
Red blood cell formation is assisted by the presence of Vitamin B-12.,4101
Daniel Radcliffe starred in a film.,4102
"Leslie Groves ceased to be alive on July 13, 1970.",4103
James Mangold directed Walk the Line.,4104
No Escape had pre-screenings.,4105
Syd Barrett founded Pink Floyd.,4106
Will Ferrell worked with John C. Reilly.,4107
Michael Caine starred in a movie.,4108
Evan Goldberg is a Canadian film producer.,4109
Pompeii is not a UNESCO World Heritage Site.,4110
Jean-Martin Charcot was from France.,4111
Slipknot (band) is an American heavy metal band.,4112
IO Theater is a training center.,4113
Black Widow only appears in American comic books.,4114
Havoc is a film.,4115
The Parliament of Canada consists of a lower house: the House of Commons.,4116
Ready Player One is a science fiction novel.,4117
Take a Bow is a single.,4118
Denial was released in the United States.,4119
Annie Parisse is a person.,4120
Helen Gardner lectured in Chicago.,4121
Nick Jonas is a recording artist.,4122
Texas's land are has some desert.,4123
Led Zeppelin played music.,4124
Minecraft is a work.,4125
Broad Green Pictures CEO is Gabriel Hammond.,4126
Ellen Burstyn was in the cast of Requiem for a Dream.,4127
Dangerous Beauty starred two actors.,4128
Tori Kelly was born in the 1990's.,4129
James Blake (musician) has released work under the moniker Harmonimix.,4130
Moscow is a national capital.,4131
Lion was a biographical film.,4132
Roland Garros Stadium is in Paris and is the site of the French Open.,4133
Emmanuel Adebayor is the top goalscorer for Togo.,4134
Confessions was sold somewhere.,4135
One person who transitioned to female is Jazz Jennings.,4136
Jackie Robinson was awarded the Presidential Medal of Freedom.,4137
Tatiana Maslany has starred in multiple television series.,4138
Jon Huntsman Jr. worked for the President of the United States.,4139
Boston brings in tourists.,4140
Ryder is also known as something else.,4141
Apple's year of founding was 1976.,4142
Bangladesh is on the Indian subcontinent.,4143
Android has had prosperity.,4144
Jesus is also known as a different name.,4145
Nicole Kidman's parents are Australian.,4146
Journey was named the fifth-best American rock band in a 2005 USA Today opinion poll.,4147
Paulo Dybala is a person from Argentina.,4148
Chris Pratt portrayed Star-Lord in the 2014 film Guardians of the Galaxy.,4149
The Departed was produced by Brad Pitt.,4150
Trevor Noah is a South African citizen.,4151
Sarrainodu was released in 2016.,4152
Katy Perry made a contract with Red Hill Records.,4153
Roman Atwood was born in 1983.,4154
Joan Collins was in Sunburn released in 1979.,4155
Noam Chomsky studied at Harvard University.,4156
Laura Prepon starred as Donna in That '70s Show.,4157
Queen Victoria's offspring became King of the United Kingdom.,4158
A Grammy award has been won by Adele.,4159
Thinkin Bout You is Grammy nominated in the year 2013.,4160
Seattle belongs to category as a city.,4161
The Bravo Award is an annual prize.,4162
Zhou Enlai was instrumental in forming domestic policy.,4163
Catherine Zeta-Jones is a person.,4164
"Lilith translates to ""night monster.""",4165
FC Barcelona has won World titles in soccer.,4166
Jamie Foxx was born in a time.,4167
Green Day has made at least eight studio albums.,4168
John McCain is an American citizen.,4169
Ramzan Kadyrov established the Ramzan Kadyrov & Adlan Varayev Cup.,4170
Samuel Witwer is from the Western Hemisphere.,4171
Holly Hunter has won an Emmy.,4172
An actor won an Academy Award for Crash.,4173
The Breakfast Club featured Emilio Estevez.,4174
Leslie Howard directed professionally.,4175
Justin Bieber recorded Love Yourself.,4176
Christian Bale worked with David O. Russell.,4177
Lynyrd Skynyrd has a lead vocalist.,4178
Legion is played by an English actor.,4179
Venus has the densest atmosphere of the terrestrial planets.,4180
Tom Felton was in The Borrowers as Peagreen Clock.,4181
The Silence of the Lambs is about apprehending someone.,4182
Norovirus causes inflammation of the gastrointestinal tract.,4183
Socrates did philosophy.,4184
Avril Lavigne is the singer and songwriter of My Happy Ending.,4185
Richard Gere won a Screen Actors Guild award.,4186
The RMS Titanic called at France.,4187
Andrew Jackson was a Supreme Court justice.,4188
Boardwalk Empire is a drama.,4189
Katy Perry is not the stage name of Katy Hudson.,4190
Dennis Hopper starred in Blue Velvet.,4191
Philip V of Spain was a member of a European royal house.,4192
Memento achieved $39.7 million.,4193
Felicity Huffman is an actress on stage.,4194
"Bradford is the location of the Alhambra theater, named after the Alhambra palace.",4195
WALL-E had a $180 million budget.,4196
Taylor Swift holds five Guinness World Records.,4197
The Catalyst is by American rock band Linkin Park.,4198
Frank Sedgman is a retired World No. 1 amateur tennis champion.,4199
Winona Ryder is in Mermaids.,4200
Lady Gaga is known for her provocative work.,4201
Just Dance is a record.,4202
Lions are social.,4203
Ready Player One was sold in 2010.,4204
The United States of America is the birthplace of Lisa Bonet.,4205
The Conjuring 2 was authored by Carey Hayes.,4206
Charles Marie de La Condamine was created in 1701.,4207
Machu Picchu is an Inca citadel created in the 1450s.,4208
Tirumala Venkateswara Temple in Tirupati hosts 18.25 million visitors per year.,4209
WALL-E won an award.,4210
Warm Leatherette is by a songwriter.,4211
Poland is a parliamentary republic in Central Europe.,4212
Estella Warren is a synchronized swimmer formerly.,4213
Enemy (2013 film) stars Sarah Gadon.,4214
Steven Tyler plays more than one instrument.,4215
Ballet Shoes was produced by the British company Granada Productions.,4216
Lake Powell is mostly located in Utah.,4217
Harald V of Norway married a person.,4218
Ulysses S. Grant worked with a US president.,4219
Juliette Binoche played the leading role in a film.,4220
Tom Hiddleston appeared in a Jim Jarmusch film.,4221
Sarcoidosis is described as a non-painful skin disease.,4222
The Constitution of Denmark was signed in June of 1849.,4223
Moscow is in European Russia in the Central Federal District.,4224
Margot Kidder portrayed a character on R.L. Stine's The Haunting Hour.,4225
Home Alone was released in the nineties.,4226
The Dayton Agreement was signed into law.,4227
Red was inspired by a comic book series written by two people.,4228
Byron Haskin was someone Paul Mantee has worked with.,4229
Oh Yeon-seo worked in a K-pop girl group.,4230
Judith Barsi appeared in films.,4231
Life After Death is by an American.,4232
Wyatt Earp was arrested for stealing.,4233
Phil Mickelson is a professional golfer.,4234
Katy Perry is the stage name of Katy Hudson since 2001.,4235
Harry Potter and the Deathly Hallows is the final novel of the Harry Potter series that began in 1997.,4236
Alexander Lebedev was listed in a magazine.,4237
Clarence Thomas was raised in the state of Georgia.,4238
Drax the Destroyer was a character created by Jim Starlin.,4239
A phylogenetic tree shows inferred evolutionary relationships among various biological species.,4240
"Jeff Bridges played Otis ""Bad"" Blake in the first half of Crazy Heart.",4241
Furia is written by a filmmaker.,4242
Bruce Willis is a person.,4243
Newfoundland and Labrador is linguistically homogeneous.,4244
Bharat Arun is incapable of being an Indian Test cricketer.,4245
The Crown (TV series) featured a Winston Churchill portrayal.,4246
The internet does not contain both local and global networks.,4247
Nepal is a member of the SAARC.,4248
"In The New Adventures of Old Christine, Julia Louis-Dreyfus played Christine Campbell.",4249
"Kirk Douglas's professions include actor, producer, director, and author.",4250
Jerry Maguire was produced by a producer of the animated show The Simpsons.,4251
The Divergent Series: Insurgent is based on a book.,4252
Mark Zuckerberg co-founded a website.,4253
Theodore Roosevelt thought about running for president in 1920.,4254
A signer of the Poona Pact is a politician.,4255
Ashley Judd is involved in global humanitarian efforts.,4256
United States contains cities.,4257
David Bowie received gold certifications in the United States.,4258
Sriti Jha plays the lead role in the soap opera.  Kumkum Bhagya,4259
The Bulls were in the 1991 NBA playoffs.,4260
Frank Sinatra was a thespian performer.,4261
Mexico went to war with France in the 19th century.,4262
Inhumans first appeared in the Fantastic Four number 45 comic book.,4263
World War II included a military campaign in North Africa.,4264
The 23rd governor of Arizona is Doug Ducey.,4265
Ballet Shoes was produced by the British company Granada Productions.,4266
Until Dawn is a game.,4267
Frank Sinatra was a thespian performer.,4268
The windigo is a type of being.,4269
Jon Huntsman Jr. became a White House staff assistant in the 1980s.,4270
Eleveneleven was founded by a woman.,4271
Jeff Bezos founded something.,4272
An actor was the winner of a BAFTA Award for Crash.,4273
Masaccio was involved in Renaissance art.,4274
Avatar: The Last Airbender's main character was Aang.,4275
Kristen Bell has been on television.,4276
Abraham Lincoln was once rivals with Stephen A. Douglas.,4277
Amy Poehler is an American.,4278
The United Kingdom has the world's ninth-largest economy by one measure.,4279
Daddy Yankee's record sold more copies than any other Latin music records of the decade.,4280
Barbara Bush founded the Barbara Bush Foundation for Family Literacy.,4281
Venus orbits the Sun.,4282
Nick Nolte was a cast member in The Thin Red Line.,4283
David Beckham began playing for Manchester United in 1992.,4284
Ellen DeGeneres married an actress.,4285
Injustice 2 includes a leveling system.,4286
Clementine Chapel allows access to pilgrims.,4287
Wi-Fi Certified is a term restricted by the Wi-Fi Alliance.,4288
Tom Felton worked for a cast member of The Borrowers.,4289
Dangerous Liaisons is based on Les liaisons dangereuses.,4290
Following is a neo-noir drama film.,4291
Josh Duhamel is a former fashion model.,4292
Logan Lerman played a character in The Three Musketeers (2011).,4293
The Hunger Games is a sci-fi movie.,4294
Winona Ryder was a cast member of a movie.,4295
Lil Wayne has released music.,4296
Kurt Sutter is the creator of Sons of Anarchy.,4297
Emmy Rossum starred in Songcatcher (2000).,4298
David Bowie was from England.,4299
Coronary artery disease can be prevented by eating a healthy diet.,4300
The Right Stuff was adapted from a book.,4301
Stone Temple Pilots had an original member that was an American rock guitarist.,4302
Thirteen Reasons Why is a young adult novel.,4303
History of art includes Poetry.,4304
Glen Campbell has won Grammy Hall of Fame Awards.,4305
WeChat is an app from China.,4306
My Own Private Idaho premiered in the early 90's.,4307
The Twilight Zone is an anthology series.,4308
Cher is one of the best-selling music artists.,4309
Judd Apatow produced Talladega Nights: The Ballad of Ricky Bobby.,4310
One of lung cancer's symptoms is quickening of breath.,4311
The World Bank Group's activities exclude agricultural development.,4312
Psychology is included in International Relations.,4313
Hong Kong maintains a separate economic system.,4314
Christopher Marlowe is a person.,4315
WALL-E is a winner of a Hugo Award.,4316
WALL-E earned $533.3 million worldwide.,4317
David Simon was born in 1960.,4318
Flatland is part of the terrain of Kazakhstan.,4319
Odin was known in Old Saxon mythology as Wōdan.,4320
Dogs were the first domesticated species and are sister taxa to the gray wolf.,4321
The wendigo is a cannibal monster.,4322
Mariah Carey is female.,4323
Jackie Evancho is someone who has acted in a film during 2013.,4324
Tim Burton directed Miss Peregrine's Home for Peculiar Children.,4325
Richard III of England was King of England during the Middle Ages.,4326
Saving Private Ryan portrays war.,4327
Maggie Gyllenhaal was in a film written by Susanna White.,4328
Medina was Muhammad's destination.,4329
Bob Marley began with a band.,4330
Boyz II Men is a group of four singers.,4331
The Ten Commandments relate to ethics and worship through biblical law.,4332
Jawaharlal Nehru was a person.,4333
Stagira had at least two shrines.,4334
Leroy Jethro Gibbs is a fictional character on NCIS.,4335
Miranda Cosgrove is a woman.,4336
Suits (TV series) features performer Gina Torres.,4337
Scars to Your Beautiful is by a woman.,4338
"Journey's fourth album was Infinity, released in 1978.",4339
Suits (TV series) features performer Gina Torres.,4340
David Bowie was from England.,4341
Ramayanam is a Telugu film.,4342
Life After Death is by an American.,4343
Katie Holmes is an American citizen.,4344
Chris Hardwick is a comedian.,4345
Judd Apatow produced a film.,4346
Kmart has stores in operation in a group of islands in the Caribbean that are an insular area of the United States.,4347
WWI began in Europe.,4348
The Beach Boys are a group.,4349
"International Relations includes technology and engineering, economics, communication studies, history, international law, demography, philosophy, geography, social work, sociology, anthropology, criminology, psychology, gender studies, cultural studies, culturology, and diplomacy, globalization, diplomatic relations, state sovereignty, international security, ecological sustainability, nuclear proliferation, nationalism, economic development, global finance, as well as terrorism and organized crime, human security, foreign interventionism, and human rights, as well, as, more recently, comparative religion.",4350
The Murder of Roger Ackroyd is a work of crime detective fiction.,4351
The Big Chill stars an Oscar nominated actor.,4352
System of a Down has sold albums around the world.,4353
Daz Dillinger is from California.,4354
Jesus performed an action.,4355
Kiiara's music is electronic pop featuring heavy bass.,4356
Tanya Roberts was born on the 10th month of the calendar year.,4357
The Lion King is a film.,4358
Bal Gangadhar Tilak was born in July of 1856.,4359
Tiger Woods won The Silver Medal at The Open Championship.,4360
Robert Browning wrote poetry.,4361
Wi-Fi is a trademark of the Wi-Fi Alliance.,4362
Zeus is the child of Rhea.,4363
Asteroid Day is an event that occurs every year.,4364
Human Rights is included in International Relations.,4365
Batman Begins is considered one of the best superhero films.,4366
Miss Peregrine's Home for Peculiar Children takes place on Cairnholm.,4367
Carmelo Anthony is a sportsman.,4368
The English language is influenced by Germanic languages.,4369
Triple H's name stands for Hunter Hearst Helmsley.,4370
The Fall (Gorillaz album) features Mick Jones.,4371
Israel hosts a population of asylum seekers from a place.,4372
Moscow is in European Russia in the Central Federal District.,4373
Eric Singer has performed with a musician.,4374
J. Cole founded the Dreamville Foundation.,4375
Michelle Williams is a person.,4376
Equidae is a family.,4377
The Shield had Michael Chiklis in a main role.,4378
Jules Dumont d'Urville was a traveler.,4379
Chandni stars an actor born in October.,4380
Lyme disease causes erythema migrans.,4381
Whiskey Tango Foxtrot is based on the memoir The Taliban Shuffle: Strange Days in Afghanistan and Pakistan by Kim Barker.,4382
Randy Orton is American.,4383
Ice is a form of water.,4384
Newcastle United F.C. has a traditional crest.,4385
Aishwarya Rai was in several television commercials.,4386
Halle Berry acted in Monster's Ball and modeled for Revlon.,4387
Saswata Chatterjee is an Indian citizen.,4388
Asset management may apply to a type of asset that involves humans.,4389
J. Cole was the founder of the Dreamville Foundation.,4390
Kurt Angle is a TNA World Heavyweight Championship winner.,4391
Boyapati Srinu directed Sarrainodu.,4392
Mike Judge is a person.,4393
Kiiara's music is electronic pop featuring heavy bass.,4394
Bangladesh has been affected by poverty and violence.,4395
Lauren Graham is a writer.,4396
Katherine Heigl appeared in a science fiction television series.,4397
Jamie Foxx is an American.,4398
Bad Boy Entertainment was created by Sean Combs in 1993.,4399
Celine Dion sings in French.,4400
Zendaya is a professional dancer.,4401
Robbie Collin studied a branch of philosophy.,4402
Fred Trump engaged in philanthropy.,4403
Emmy Rossum starred in Songcatcher (2000).,4404
Keith Urban was born in a country.,4405
Anne Frank was a person.,4406
Ilkhanate was established as a political entity.,4407
Lahore is home to multiple UNESCO World Heritage Sites including Lahore Fort and the Shalimar Gardens.,4408
Serbia has a high rank on the Social Progress Index.,4409
Anna Paquin acted in at least one film.,4410
The Olympic Games has sport competitions.,4411
Cupid (2009 TV series) is a comedy-drama.,4412
Inhumans's lead character's real name is Blackagar Boltagon.,4413
Gwen Stefani is the co-founder of No Doubt along with others.,4414
Ford Motor Company is not as large as General Motors.,4415
Anne Hathaway won an award.,4416
Don Simpson and Jerry Bruckheimer worked together to produce The Rock.,4417
The Second Punic War lasted from 218 BC to 201 BC.,4418
Nigeria is the seventh most populous country in the world.,4419
Alandi is in India.,4420
Christian Bale acted in multiple Batman films.,4421
Adam West was born in 1928.,4422
Dr. Dre put out the album 2001 in 1999.,4423
Mirka Federer is an athlete.,4424
"Kong: Skull Island stars Tom Hiddleston, Samuel L. Jackson, John Goodman, Brie Larson, and Jing Tian.",4425
Johnny Mnemonic was released in the United States.,4426
Wi-Fi Certified is a term with restricted use.,4427
Sam Worthington was born 2 August 1976.,4428
"The September 11 attacks killed 2,996 people.",4429
John Nash built the Brighton.,4430
Britney Spears starred in Crossroads.,4431
Islam had a prophet named Abraham.,4432
An example of a television personality was Steve Irwin.,4433
Richard Ramirez terrorized residents.,4434
The Wayans Bros. is a television show on the WB.,4435
Intimacy's (film) director is Patrice Chéreau.,4436
Mother Teresa lived in Macedonia for eighteen years.,4437
Unleashed features Bob Hoskins.,4438
The Guest stars an actor.,4439
Eddie Vedder released a soundtrack for Into the Wild.,4440
John Stewart was the first African American superhero to appear in DC comics.,4441
Black Sabbath is from Birmingham.,4442
The capital of Australia is not New York.,4443
Rebecca Hall was in a film.,4444
Guardians of the Galaxy was released in the United States in 2014.,4445
Tropic Thunder was created by Stiller.,4446
Richard Gere starred in a film from 2012.,4447
Farrah Fawcett acted in Sunburn.,4448
The Voice was continued for a thirteenth season in 2016.,4449
Doctor Doom is the leader of the fictional nation of Latveria.,4450
Clarice Starling is a The Silence of the Lambs character.,4451
The Mummy is a horror movie.,4452
Impeachment is only the first step towards removal.,4453
Michelle Williams started her career with guest appearances on television.,4454
Yamaha Corporation is made up of multiple partners and subsidiaries.,4455
Stockard Channing is an actress.,4456
At least two albums have been released by The Weeknd.,4457
Cara Delevingne had roles that are major.,4458
Robert J. O'Neill is a former United States Navy sailor.,4459
Bernard Madoff was sentenced in June of 2009.,4460
Narcolepsy can disrupt sleep.,4461
Natalie Portman portrayed Padmé Amidala.,4462
Wyatt Earp was a saloon-keeper.,4463
Judd Apatow produced a film.,4464
Eminem is in 8 Mile.,4465
The Boot Monument is located in Saratoga National Historical Park in New York.,4466
Boston had a public school.,4467
Beautiful (Christina Aguilera song) was recorded by a singer from a country.,4468
A Grammy award has been won by Adele.,4469
Jeremy Allen White was in The Speed of Life.,4470
Indiana Jones has been portrayed by American actor Sean Patrick Flanery.,4471
Buzz Aldrin is an engineer.,4472
Naomi Scott starred in a movie.,4473
Oh Yeon-seo is a person.,4474
Code Geass has been adapted into other media.,4475
Dean Martin was a comedian.,4476
Escape from Planet Earth is a science fiction film.,4477
Indian was produced by A. M. Rathnam.,4478
Outkast is composed of Andre 3000 and Big Boi.,4479
Leslie Uggams appeared in a film directed by Tim Miller.,4480
The Minnesota Vikings have lost the Super Bowl every time they've played.,4481
Joss Whedon wrote The Avengers.,4482
The Netherlands has a city with a name.,4483
A mole is a structure.,4484
The Void was produced by Jonathan Bronfman and Casey Walker.,4485
John Malkovich starred in a movie.,4486
Carmelo Anthony led the Orangemen to a National Championship.,4487
Furious 7 finished filming in summer 2014.,4488
Diana is a studio album.,4489
Shueisha is a Japanese publisher.,4490
Barry Gibb was in a band which became the Bee Gees.,4491
Robert Lee Yates is an American.,4492
Tom Cruise starred in at least one film from the 1980s.,4493
Billy Joel is a singer-songwriter and pianist.,4494
Gabourey Sidibe acted in Precious.,4495
Ministates include San Marino in Europe.,4496
Samoa Joe has a tag team championship.,4497
Champion was based off of a story by Ring Lardner.,4498
Dogstar (band) released an album.,4499
William McKinley served as a US president.,4500
Ted Bundy committed murders.,4501
Thomas Pynchon published short stories in the early 1960s.,4502
An unincorporated territory of the United States is Puerto Rico.,4503
Thirteen Reasons Why is a young adult novel.,4504
Pink Floyd has a long format collection of songs called Wish You Were Here.,4505
Fences is a film.,4506
Ecuador borders Colombia to the north.,4507
Inhumans first appeared in the Fantastic Four number 45 comic book.,4508
Greenwich is in England.,4509
Umbrella is a recording.,4510
One vlogger is Roman Atwood.,4511
Hilary Swank was born in 1974.,4512
Tetris has sold approximately 70 million physical copies and over 100 million copies for cell phones.,4513
Helen Gardner received a master's degree in 1918.,4514
Bill Gates was a CEO.,4515
David Mazouz is an actor on the TV show Gotham.,4516
Nicolas Cage was born as Nicolas Kim Coppola.,4517
Michael Caine was in Inception.,4518
Jean-Claude Van Damme is a Belgian film producer.,4519
Thandie Newton has appeared in American films,4520
Tim Henman plays tennis.,4521
The 2016 Summer Olympics was held in August.,4522
Marilyn Monroe was a celebrity.,4523
Boromir makes an appearance in The Fellowship of the Ring.,4524
Abraham Lincoln was once rivals with Stephen A. Douglas.,4525
Troy Baker was a member of an indie-rock band.,4526
Avengers: Age of Ultron premiered in LA in April of 2015.,4527
Jazz Jennings has an online presence.,4528
The Getaway has a track called Go Robot.,4529
"One Direction made Up All Night (2011), Take Me Home (2012), Midnight Memories (2013), Four (2014), and Made in the A.M. (2015), ``What Makes You Beautiful'', ``Live While We 're Young'', ``Best Song Ever'', ``Story of My Life'', and ``Drag Me Down''.",4530
Shahid Kapoor is an award-ceremony host.,4531
Legion is played by an English actor.,4532
One city in Benin is Cotonou.,4533
Naruto first aired before 2007.,4534
Robert Redford was a guest star on the anthology horror series Twilight Zone.,4535
Terminator Genisys is a film.,4536
Instant film was introduced by Polaroid.,4537
Letty is played by Michelle Rodriguez.,4538
Rod Serling clashed with people over war.,4539
Stephen Rider is an American actor.,4540
The Hunger Games is a sci-fi movie.,4541
Rabat is a capital city.,4542
Famous in Love stars an actor.,4543
The Supremes were an American singing group.,4544
Hotell is a Swedish film.,4545
Impeachment is only the first step towards removal.,4546
Colin Quinn was born on June 6.,4547
How to Be is a 2008 film.,4548
Sharon Stone starred in a movie.,4549
Bobby Moore's caps record for outfield players was beaten by David Beckham in 2009.,4550
How to Be is a 2008 French independent comedy-drama film.,4551
An Indian actor born in December starred in Laadla.,4552
Furious 7 began principal photography in 2013.,4553
Impeachment does not necessarily mean removal from office.,4554
Gold has a distinctive feature.,4555
Bruce Willis is an American actor.,4556
Memento received a nomination.,4557
The Bridges of Madison County is a film.,4558
Moana is a computer-animated film from 2016.,4559
Ringo Starr has been featured in movies.,4560
Bob Arum is the founder of a professional boxing promotion company.,4561
The Mummy is a reboot of an earlier film.,4562
Grace Jones's style was influenced by funk.,4563
Edward Norton directed Keeping the Faith.,4564
Danny DeVito does work on the World Wide Web.,4565
"One Direction made Up All Night (2011), Take Me Home (2012), Midnight Memories (2013), Four (2014), and Made in the A.M. (2015), ``What Makes You Beautiful'', ``Live While We 're Young'', ``Best Song Ever'', ``Story of My Life'', and ``Drag Me Down''.",4566
Kazakhstan is a democratic country.,4567
Emmy Rossum was in an adaptation.,4568
Sister Act features musical arrangements by an Oscar-nominated American composer and lyricist.,4569
René Descartes has argued for the Existence of God.,4570
American art culture has been influenced by Billy Joel.,4571
Radiohead has used pay-what-you-want.,4572
David Beckham began playing for Manchester United in 1992.,4573
Allure is a magazine from the United States.,4574
Hannah Montana had Miley Cyrus in it.,4575
William McKinley was a person involved in professional politics.,4576
Heather Watson is a tennis player.,4577
"Providence, Rhode Island was founded by a religious outcast.",4578
Bradley Cooper is a person.,4579
Eric Singer has done a performance with Badlands.,4580
Lisa Kudrow starred in a series.,4581
Frances is Carrie Fisher's middle name.,4582
Overwatch premiered in 2014.,4583
Jamie Foxx won an award.,4584
Overwatch (video game) had character introduction through animation.,4585
The Bourne Supremacy stars Joan Allen.,4586
United States Congress has voting members.,4587
Wiz Khalifa's name from birth is Cameron Jibril Thomaz.,4588
Ilkhanate was established as a political entity.,4589
International Relations includes demography.,4590
Reuters transmits news in Japanese.,4591
Chandni stars an actor born in October.,4592
Timber is by Pitbull.,4593
Atomic Blonde is based on The Coldest City.,4594
Harry Styles had his first acting role in the film Dunkirk.,4595
Milla Jovovich played the lead role in Return to the Blue Lagoon in 1991.,4596
The Breakfast Club was directed by John Hughes and went on to be a classic.,4597
Justin Bieber has won the American Music Award for Artist of the Year.,4598
The Uruguay national football team won the 1980 Mundialito.,4599
Felicity Jones appeared in 2007 drama Northanger Abbey.,4600
Nick Nolte was born in the 1940s.,4601
FX aired It's Always Sunny in Philadelphia for the first time.,4602
Ron Swanson married and divorced two women named Tammy.,4603
A total of $539 million was grossed by the Underworld film series.,4604
Constantine has plot elements taken from a comic book story arc.,4605
Joey Graceffa is a YouTube personage.,4606
Chelsea F.C. is a Premier League football club in London.,4607
Arrested Development is about a dysfunctional family.,4608
Texas's land are has some desert.,4609
David Tennant portrayed the Tenth Doctor on Doctor Who.,4610
John Cusack has worked on a film with Stephen Frears.,4611
Pablo Escobar was a drug smuggler.,4612
The Man in the High Castle takes place in 1962.,4613
Cara Delevingne portrayed Margo Roth Spiegelman in Paper Towns (2015).,4614
Diseases also proliferated along the Silk Road.,4615
FX television channel premiered Damages (TV series).,4616
John Lennon moved to a place.,4617
"Jeff Bridges played Otis ""Bad"" Blake in the first half of Crazy Heart.",4618
One by One (Foo Fighters album) is an album.,4619
Saving Private Ryan portrays war.,4620
Ramayanam is a 1996 film in the Telugu language.,4621
Inhumans's lead character's real name is Blackagar Boltagon.,4622
Popeye features Shelley Duvall as Olive Oyl.,4623
Gustave Eiffel focused on meteorology research.,4624
Estella Warren is a former swimmer.,4625
Lupe Fiasco is an American rapper.,4626
Steven Tyler is a former competition judge.,4627
Robert Duvall starred in five films.,4628
The Caracazo took place in Caracas and the surrounding towns.,4629
Ghostbusters was released theatrically in the United States in 2016.,4630
Glenn Frey was a member of the Eagles.,4631
2001: A Space Odyssey was edited.,4632
Kathy Bates played a major role in a movie.,4633
Queen Victoria's son belonged to a house.,4634
Felicity Jones portrayed a character.,4635
Katie Holmes is an American citizen.,4636
Aaliyah worked with two record producers.,4637
Detroit is a city.,4638
John Williams works with Steven Spielberg.,4639
De Profundis was written by Oscar Wilde.,4640
John Cusack is an actor.,4641
Stone Temple Pilots had an original member that was born in February.,4642
My Bloody Valentine 3D was edited by a human.,4643
Felicity Jones appeared in 2007 drama Northanger Abbey.,4644
Mother Teresa received a prize.,4645
Jackie Robinson's uniform number when he played baseball was 42.,4646
"The bassist for Gorillaz, Murdoc Niccals, is a made up character.",4647
Alternative rock is played by Gorillaz,4648
Anne Hathaway played Mia Thermopolis.,4649
San Francisco is Alcatraz Federal Penitentiary's location.,4650
Nicolas Cage was born as Nicolas Kim Coppola.,4651
Elementary has a character.,4652
Akbar was a patron of art.,4653
Thinkin Bout You was nominated for Record of the Year.,4654
Diana Ross was given the title of the most successful female performing artist of all time.,4655
Andorra borders only land.,4656
Glee ended on FOX network.,4657
Trevor Noah is South African.,4658
Slovakia is a place that is landlocked.,4659
Richard Curtis is the co-founder of the charity Comic Relief.,4660
Splash starred Tom Hanks and John Candy.,4661
The Invention of Lying was released in the US in 2009.,4662
Kurt Angle is an American professional wrestler that was formerly an amateur.,4663
Jamie Foxx is from America..,4664
Moana is a North American film.,4665
In & Out is an American film.,4666
Gold has a distinctive feature.,4667
Usher was born in Texas.,4668
Matthew Modine played a character on Stranger Things.,4669
Tony Blair was elected after a politician's sudden death.,4670
Quinoa is a flowering plant.,4671
Taipei is the capital.,4672
Rear Window (1998 film) stars Daryl Hannah and Christopher Reeves.,4673
Usain Bolt participated in the Olympics in 2008.,4674
My Bloody Valentine 3D stars an American actor born in 1972.,4675
The alternative history novel The Man in the High Castle won the Hugo Award for best novel.,4676
Delhi is on land.,4677
An Academy-Award winning documentary film was made about Al Gore.,4678
Led Zeppelin II was released by Atlantic Records in 1969.,4679
Tom Welling played in a superhero drama.,4680
O. J. Simpson has been charged with more than one felony.,4681
Led Zeppelin formed in London.,4682
Kathy Bates received the Academy Award for Best Actress.,4683
There has been an appearance by Alicia Keys in a 2007 American comedy-drama film.,4684
"J. Cole was born on January 28th, 1985.",4685
Up All Night is an album by the English-Irish pop boy band One Direction.,4686
Hawaii is among the top twenty most densely populated states in the US.,4687
Ted Kennedy was a senator.,4688
Sansa Stark is played by Sophie Turner.,4689
Bridge of Spies was co-produced by a man.,4690
Floyd Mayweather Jr. is a professional boxer formerly.,4691
Soccer is played in Paris.,4692
Give Me Everything is the second single from Planet Pit.,4693
Jon Snow is a character on an HBO series.,4694
Carole King writes and performs songs.,4695
Katy Perry is the stage name of Katy Hudson since 2001.,4696
Transformers: Age of Extinction stars Peter Cullen as Optimus Prime.,4697
Gregor Clegane is a character from a novel series in the fantasy genre.,4698
Taylor Swift was successful in Australia.,4699
WALL-E won an award.,4700
A book by Larry Buttrose was the basis of Lion.,4701
Home Alone was made in America.,4702
Martial arts are performed by Bruce Lee.,4703
Leonardo da Vinci was an author.,4704
A boycott can be for social reasons.,4705
Britney Spears is an American singer.,4706
Role Models stars Jane Lynch.,4707
Music includes avant-garde styles and has a long history.,4708
George Foreman was rated as the eighth greatest heavyweight of all time by the IBRO.,4709
Davis Entertainment's divisions develop and produce television projects.,4710
Tom Hardy was in a post-apocalyptic film.,4711
Sean Connery won an Academy Award.,4712
Sons of Anarchy was made by Kurt Sutter.,4713
Mirka Federer is Swedish.,4714
Episodes of Sense8 were only directed by frequent collaborators of the Wachowskis.,4715
Edgar Allan Poe was an author.,4716
Connie Britton played a role in a horror anthology television series.,4717
Jennifer Hudson stars in the Voice.,4718
Mirka Federer is an athlete.,4719
Prometheus is a 2012 film that serves as a prequel.,4720
Luke Evans has played Dracula.,4721
Juliette Binoche played the leading role in a film.,4722
The Eagles released their third album in 1974.,4723
David Simon was born in 1960.,4724
Extreme environments can be caused by factors.,4725
At least two albums have been released by The Weeknd.,4726
3G data is part of the IPhone 3G.,4727
"Lisbon's population size is 552,700.",4728
Memento received a nomination.,4729
KJ Apa has portrayed the fictional person Kane Jenkins.,4730
Charlie Chaplin had a childhood.,4731
Haiti shares an island in the Caribbean with the Dominican Republic.,4732
Battle Studies World Tour was a worldwide tour.,4733
Laurence Fishburne acted in Batman V Superman: Dawn of Justice.,4734
Red Headed Stranger is an album.,4735
Sharon Stone starred in a movie.,4736
License to Drive stars Corey Feldman.,4737
"Princess Margaret, Countess of Snowdon is part of the royal family of Britain.",4738
The 1992 Los Angeles riots have many names.,4739
George Martin worked in film.,4740
The Girl on the Train is a mystery movie.,4741
Boyapati Srinu directed Sarrainodu.,4742
David Tennant received a National Television Award.,4743
Hayden Panettiere starred in a drama.,4744
Oh Yeon-seo is a person.,4745
The Hobbit films starred an actor.,4746
A 2010 movie directed by Karan Johar awarded him an award.,4747
Ford Motor Company produced vehicles in 2015.,4748
Carrie Fisher wrote an autobiographical one-woman movie.,4749
Olivia Wilde is a worker.,4750
A king of Scotland was Charles II of England.,4751
Tiger Woods reached number one ranking in the world.,4752
Brian Helgeland wrote the screenplay of a neo-noir crime film.,4753
George Washington was commissioned by the Second Continental Congress.,4754
"The Supernatural pilot premiered on September 13, 2005.",4755
James Cromwell played a role in American Horror Story: Asylum.,4756
Ludacris's album is named Battle of the Sexes.,4757
Dangerous Liaisons is a film.,4758
Martina Hingis is a professional tennis player.,4759
Evil is commonly associated with trauma.,4760
Winona Ryder earned a Golden Globe nomination.,4761
The Netherlands has a city named The Hague.,4762
Britney Spears is an American singer.,4763
Trinidad and Tobago is the place of birth of Nicki Minaj.,4764
Frank Sinatra toured the United States.,4765
Apps are able to be downloaded on iPhones.,4766
Marlon Brando was included in a list of Top Ten Money Making Stars.,4767
Stockard Channing is an actress.,4768
Steve Mouzakis played the character Steven Ray.,4769
Wi-Fi Certified is a term with restricted use.,4770
"Tyrese Gibson is well known for his role as Joseph ""Jody"" Summers in Baby Boy.",4771
The 2000 Football League Cup Final included Leicester City.,4772
Ji Chang-wook began life in 1987.,4773
Douglas Aircraft Company did business with McDonnell Aircraft.,4774
Nitrogen reacts with Plutonium.,4775
Rick and Morty was created by Justin Roiland and Dan Harmon for Adult Swim.,4776
Gabourey Sidibe acted in Precious.,4777
John D. Rockefeller controlled oil in the United States.,4778
Miyu Irino was born in Tokyo.,4779
Patricia Clarkson acts in the movie No Reservations.,4780
The Chelsea F.C. is English.,4781
Phil Mickelson is a professional golfer.,4782
How to Train Your Dragon (film) lost to an American biographical drama film.,4783
"Mariah Carey is referred to as the ""bird supreme"" by the Guinness World Records.",4784
Yung Rich Nation was produced by a Canadian.,4785
Norovirus is a common cause of viral gastroenteritis.,4786
Gerard Butler has appeared on television.,4787
The Eagles are a band.,4788
Didier Drogba was captain of the Ivory Coast national team.,4789
Leroy Jethro Gibbs is a character portrayed by Mark Harmon.,4790
The cell is a basic unit of biology.,4791
Alexander Hamilton raised an artillery company in 1776.,4792
Bharat Arun is incapable of being an Indian Test cricketer.,4793
Reba McEntire has a career.,4794
Sriti Jha performs the leading role in an Hindi-language TV show.,4795
Kurt Angle has competed in competitive matches like King of the Mountain.,4796
Michael Caine starred in a movie.,4797
The internet originated in research conducted in the 20th century.,4798
Serena Williams has won four Olympic gold medals.,4799
Black Sails was renewed for a fourth season.,4800
Trevor Noah hosts The Daily Show.,4801
"The 2014 WTA Finals began on October 17th, 2014.",4802
River Phoenix rose to fame from being in films and television appearances.,4803
Winona Ryder is in Mermaids.,4804
Jason Bateman was in a show.,4805
The Hobbit is a three film series.,4806
The Italian language is spoken by communities in the Americas.,4807
Furia is French.,4808
Trevor Baxter went to the Royal Academy of Dramatic Art.,4809
Gopalkrishna Gandhi is someone who was the 22nd person to govern a place.,4810
Fairfield Grammar School was in Europe.,4811
50 First Dates was worked on by Peter Segal.,4812
"Avengers: Age of Ultron premiered in LA on April 13, 2015.",4813
A signer of the Poona Pact is a politician.,4814
Indian first came out in 1996.,4815
Murder on the Orient Express starred an actress.,4816
IO Theater is a training center.,4817
Susan Atkins was a California inmate.,4818
The Beach Boys is a group.,4819
The West Wing consists of the Oval Office.,4820
"Kenny Rogers is featured in the poll of ""The 200 Most Influential Country Albums Ever.''",4821
Dracula is a novel by an Irish author.,4822
Keanu Reeves played Hamlet.,4823
Negan is a character in a television series.,4824
Legally Blonde stars Reese Witherspoon and Luke Wilson.,4825
Moscow has museums.,4826
Ed Sheeran is English.,4827
Diseases also proliferated along the Silk Road.,4828
Spain shares a border with Morocco.,4829
Jim Carrey played the character Colonel Stars and Stripes.,4830
Elton John was inducted in the Rock and Roll Hall of Fame.,4831
"The Hangover Part III includes Bradley Cooper, Ed Helms, Zach Galifianakis, Justin Bartha, and Ken Jeong, Jeffrey Tambor, Heather Graham, Mike Epps, Melissa McCarthy and John Goodman.",4832
Jamie Foxx's time-point of birth is in the 20th century.,4833
"Lisbon's population size is 552,700.",4834
Martin Scorsese founded The Film Foundation.,4835
Serbia has a high rank on an index.,4836
Thailand is not a constitutional monarchy.,4837
Taiwan is a state in East Asia.,4838
"The North Bay Region contains Vallejo, California.",4839
Eleveneleven was founded by a woman.,4840
Carrie Fisher played Princess Leia in Star Wars.,4841
Andre Agassi is not a tennis player.,4842
Furia is adapted from a short story by Julio Cortazar.,4843
Tropic Thunder was written by Justin Theroux along with others.,4844
Khal Drogo was introduced in 1996.,4845
Hisense acquired at least one right in 2015.,4846
Nepal is a South Asian country.,4847
Dragon is taken from a linguistic system indigenous to sections of the Eastern Mediterranean.,4848
Alkaline Trio's debut album is Goddamnit.,4849
Bruce Willis is an actor.,4850
Barry Gibb was in a band which became the Bee Gees.,4851
Bali is between Java and Lombok via maritime borders.,4852
John Heard won an award at the Emmys.,4853
"Dungeons & Dragons was published by Tactical Studies Rules, Inc.",4854
Nickelodeon has programs targeted at kids aged 0-7.,4855
Ciara Bravo is included in To The Bone.,4856
Carrie Fisher played Princess Leia in Star Wars.,4857
The Netherlands has a city with a name.,4858
Kaitlin Olson was a part of the improvisational group the Groundlings.,4859
Troy Baker was a member of an indie-rock band.,4860
Maisie Williams appeared in Game of Thrones.,4861
Beautiful People had series.,4862
The 1992 Los Angeles riots have many names.,4863
Soundgarden is a rock band.,4864
Man of Steel is a film.,4865
Phil Mickelson won the 142nd Open Championship which was played in Scotland.,4866
Cheaper by the Dozen starred Steve Martin.,4867
Thiokol was concerned with rubber.,4868
Rajon Rondo is a four-time NBA All-Star as well as a four-time NBA All-Defensive Team member.,4869
Adolf Hitler didn't cause the Holocaust.,4870
David Tennant received a National Television Award.,4871
"De Profundis was inscribed to ""Bosie.""",4872
Woody Allen is a musician.,4873
Diane Ruggiero has worked as a writer.,4874
Welcome Back (film) features an actor.,4875
Hopman Cup has been attended monthly by Harry Hopman's widow.,4876
Drake is from Canada.,4877
Love Aaj Kal is produced by Dinesh Vijan and Saif Ali Khan.,4878
This Sporting Life got Richard Harris a Best Actor Award at the 1963 Cannes Film Festival.,4879
Estella Warren is a fashion model.,4880
"Stevie Nicks released ""Bella Donna"" which reached platinum status less than three months after its release.",4881
Tunisia was introduced to Christianity and its variations.,4882
Shueisha is a Japanese publisher.,4883
Iron Man 3 had a director.,4884
Alicia Silverstone starred in a film directed by Amy Heckering.,4885
Science fiction is the genre of Back to the Future Part II.,4886
Helen Gardner received a master's degree in 1918.,4887
Glee was nominated for an award.,4888
William Shatner played T. J. Hooker in the show T. J. Hooker.,4889
Neil Patrick Harris was on How I Met Your Mother as Barney Stinson.,4890
Bentley markets cars.,4891
Arrow is a TV series.,4892
The Beach Boys had over eighty worldwide chart songs.,4893
Dennis Hopper starred in Blue Velvet.,4894
Joan Collins was in Sunburn released in 1979.,4895
The Mummy is an American action-adventure horror film directed by Alex Kurtzman.,4896
Egypt is a member of an organization.,4897
An American composed Everybody Needs a Best Friend.,4898
To Kill a Mockingbird explores the theme of racial injustice.,4899
Laura Dern was nominated for the Academy Award for Best Supporting Actress and received acclaim.,4900
Meghan McCain presents and contributes to Fox News.,4901
Queen Latifah is the stage name of Dana Elaine Owens.,4902
Xbox One possesses support for 4K video playback and upscaling.,4903
Sharpe's Eagle has Daniel Craig in it.,4904
Daniel Radcliffe starred in a film.,4905
Tanya Roberts was born on the 10th month of the calendar year.,4906
In Dubious Battle featured Josh Hutcherson.,4907
Caryn Mandabach was the producer of Roseanne.,4908
Flatland is part of the terrain of Kazakhstan.,4909
Final Fantasy XII sold over 5 million copies worldwide.,4910
Kazakhstan is a democratic country.,4911
Bohemian Rhapsody is a song.,4912
Yelp expanded throughout at least one continent.,4913
The World Bank Group's activities exclude agricultural development.,4914
Tom Cruise has been nominated for Academy Awards.,4915
The Nile runs through Uganda.,4916
Douglas Aircraft Company and McDonnell Aircraft formed McDonnell Douglas.,4917
Gerard Lee is from Earth.,4918
Saw VI is a movie in the Saw franchise.,4919
The USC School of Cinematic Arts was formerly called the USC School of Cinema-Television.,4920
Page Hamilton is a guitarist.,4921
Keisuke Honda plays right wing.,4922
Alicia Vikander had a career as a dancer.,4923
Robert Duvall starred in numerous shows.,4924
The largest k-12 school in Israel is located in Haifa.,4925
Eddie Vedder was the vocalist of Pearl Jam.,4926
Brian Lynch wrote the screenplay for Puss in Boots.,4927
Phantoms is a 1998 film.,4928
Gianluigi Buffon won the Coppa Italia in 1999.,4929
Celine Dion sings in French.,4930
The Grammy Award for Best Rock Performance was won by Radioactive.,4931
Demi Lovato acted on Barney & Friends.,4932
George H. W. Bush did not become a millionaire.,4933
Ronin is a 1998 film.,4934
The Dark Half is based on a novel called The Dark Half by Stephen King.,4935
Hotel Hell is a television show.,4936
Jackie Chan is a Cantopop star.,4937
Eric Trump is the child of a man born on June 14.,4938
"In 2011's summer transfer period, a team signed Romelu Lukaku.",4939
Ed Sheeran is English.,4940
The Host stars an actor.,4941
"Minneapolis was at one time, the world's flour milling capital.",4942
Jean-Claude Van Damme is a film director.,4943
Nick Kroll has acted in comedies.,4944
Filmfare is a magazine the size of a tabloid.,4945
Kurt Angle has competed in competitive matches like King of the Mountain.,4946
Lumps are possible signs of cancer.,4947
Only Lovers Left Alive is a film.,4948
Ezra Edelman is a producer of documentaries.,4949
Geraldine Chaplin made her American acting debut in Doctor Zhivago.,4950
"Animal rights were addressed in Beverly Hills, 90210.",4951
Beautiful (Christina Aguilera song) was recorded by a singer from a country.,4952
Charles Marie de La Condamine was created in 1701.,4953
United States Congress has 435 Representatives and 100 Senators.,4954
"Ancient Algeria has known many empires and dynasties, such as the Umayyads.",4955
Sweden borders Norway to the west.,4956
Tom Hanks has been awarded a Kennedy Center Honor.,4957
Nick Kroll has acted in comedies.,4958
Rebecca Hall was nominated for a Golden Globe for her part in Vicky Christina Barcelona.,4959
"George Best has been labelled as ""the greatest player to ever pull on the green shirt of Northern Ireland.""",4960
Underworld is a movie.,4961
Destiny does maintain lineage to the Halo series.,4962
Kobe Bryant earned the Finals MVP Award in 2010.,4963
John Lennon was one of the Beatles's co-founders.,4964
Samoa Joe has a tag team championship.,4965
Overwatch (video game) is incapable of being promoted with animated videos.,4966
Pompeii is a historic landmark site found in Italy.,4967
Tobey Maguire's has a middle name.,4968
The Messenger was nominated for a Golden Globe.,4969
Emily Blunt once won British Artist of the Year.,4970
Karl Urban was in a film directed by J.J. Abrams.,4971
Nicki Minaj was born on an island near South America.,4972
Cedric Yarbrough has been in a Comedy Central television show.,4973
George Orwell is opposed to totalitarian states.,4974
University of Oxford is made up of a variety of colleges.,4975
Steve Mouzakis was a cast member of a fantasy drama film.,4976
LeBron James appeared in a romantic comedy.,4977
The cast of Good Will Hunting included Ben Affleck.,4978
Catherina Zeta-Jones starred in A Little Night Music.,4979
Transformers (film) is a science fiction film.,4980
"Los Angeles, California was incorporated as a municipality on April 4, 1850.",4981
Eric Trump is the child of a man born in June.,4982
Remote Control Productions has provided the scores for Transformers.,4983
Lightning rod are called air terminals.,4984
The song Don't Let Me Down was released by The Chainsmokers.,4985
Collision Course was released by Roc-A-Fella and Machine Shop.,4986
Larry Buttrose wrote The Maze of the Muse.,4987
Selma Blair stars in Legally Blonde.,4988
Matt Sorum's touring project Kings of Chaos features members of at least one rock band.,4989
Stranger Things has a character who can move things without touching them.,4990
William Jennings Bryan served at least one term as a member of the United States House of Representatives.,4991
"Garry Kasparov was born April 13, 1963.",4992
Overwatch premiered in 2014.,4993
Ranbir Kapoor co-owns Mumbai City FC.,4994
Farrah Fawcett was in The Burning Bush.,4995
Victor Headley was involved in the writing of Yardie.,4996
The G1 Climax is an event.,4997
The fifth president of Iraq was Saddam Hussein.,4998
Reds was produced by Warren Beatty.,4999
Ludacris was on MTV.,5000
"Paul Newman, American road racer, has won several national championships as a racer.",5001
Logic is from a North American country.,5002
James Taylor released a 1976 Greatest Hits album.,5003
Scarlett Johansson was in multiple films.,5004
Theodore Roosevelt lived an athletic lifestyle.,5005
Frederick Trump was born in a state.,5006
The National Security Agency is responsible for the processing of information and data for intelligence purposes.,5007
Sister Act features musical arrangements by Marc Shaiman.,5008
Tyrion Lannister was created by an American author.,5009
Frank Sinatra was popular.,5010
Odin rides a flying object.,5011
Vikrant Massey acted in Qubool Hai.,5012
The Beach Boys are a group.,5013
Mr. Sunshine finished on ABC.,5014
The Chelsea F.C. is a soccer team.,5015
The Taj Mahal's centerpiece is a tomb.,5016
Miley Cyrus's fifth album has a psychedelic style.,5017
Boston attracts millions of tourists.,5018
Jennifer Aniston is married to actor and writer Justin Theroux.,5019
Adrien Broner was ranked fifth best boxer in the world by The Ring magazine.,5020
Julius Caesar crossed the Rubicon in the 40s BC.,5021
Oh Yeon-seo was born in the 20th century.,5022
Rachel McAdams was in Slings and Arrows.,5023
Azerbaijan has a high degree of literacy.,5024
Woody Harrelson played Woody Boyd.,5025
Bahrain is an archipelago.,5026
Queen Victoria's mother was Princess Victoria of Saxe-Coburg-Saalfeld.,5027
Farrah Fawcett acted in the science fiction horror film Saturn 3.,5028
Broad Green Pictures CEO is Gabriel Hammond.,5029
Roger Penrose shared a prize with Stephen Hawking.,5030
Oh Yeon-seo worked in a K-pop girl group.,5031
Reds is an American epic drama film.,5032
James Blake (musician) released his third film The Colour in Anything in 2016.,5033
Christopher Marlowe is an English poet.,5034
Tessanne Chin is best known for winning The Voice.,5035
Frank is in the form of a studio album.,5036
Avril Lavigne is a North American.,5037
Indiana Jones has been portrayed by Sean Patrick Flanery.,5038
There were matches in eight cities in the 2011 FIFA U-20 World Cup.,5039
Guardians of the Galaxy came out in American theaters.,5040
Gorillaz play hip hop music.,5041
Jerry Goldsmith was nominated for awards.,5042
Mariah Carey was born on the 27th.,5043
Genghis Khan's children had sons.,5044
Jerry Lewis's birth name was Joseph Levitch.,5045
Logic was born in January 1990.,5046
Cloud Atlas is adapted from a novel by David Mitchell.,5047
Geraldine Chaplin was a person with a professional vocation.,5048
Prometheus is a 2012 film that serves as a prequel.,5049
Robert Duvall is a person.,5050
Con Man (web series) is a comedy web series written by Alan Tudyk.,5051
Anthony Meindl has coached and worked with at least one actress.,5052
Dwayne Johnson won a professional wrestling championship.,5053
Angelina Jolie was in the film George Wallace.,5054
Randy Orton is American.,5055
There has been an appearance by Alicia Keys in a 2007 American comedy-drama film.,5056
Brad Paisley was in the Grand Ole Pry.,5057
"Stevie Nicks released ""Bella Donna"" which reached platinum status less than three months after its release.",5058
Michael Jackson had albums that became world-wide best-sellers.,5059
United States Congress has voting members.,5060
Slovakia joined the Eurozone in 2009.,5061
Macaulay Culkin was a child actor.,5062
Edge of Tomorrow was released in at least 35 territories in 2014.,5063
Venus Williams is one of the best female tennis players.,5064
Blue Velvet stars an actor.,5065
"Ice Hockey is popular in Canada, Finland, Latvia, the Czech Republic, Sweden, Slovakia, Belarus and Switzerland.",5066
Saw VI is a horror film.,5067
The song Don't Let Me Down was released by The Chainsmokers.,5068
Alicia Keys debuted in a movie.,5069
Richard III of England was King of England during the Middle Ages.,5070
Holly Hunter is a person.,5071
"Jenna Dewan was born on Monday December 3, 1980.",5072
Nanotechnology is on a molecular scale.,5073
Ciara Bravo is included in To The Bone.,5074
Roman Reigns is a  United States Champion.,5075
A Golden Globe Award has been won by Jane Lynch.,5076
Josh Duhamel is a former fashion model.,5077
Anna Paquin performed a role in a film by Jane Campion.,5078
Glee is an American TV show.,5079
The Silence of the Lambs is about apprehending someone.,5080
The Magna Carta pledged to protect church rights.,5081
Giada De Laurentiis has co-hosted a show.,5082
The Minnesota Vikings have lost the Super Bowl every time they've played.,5083
Samsung Life Insurance is a company.,5084
Saint Peter did not found churches.,5085
Shantel VanSanten is American.,5086
Farrah Fawcett was in Sunburn.,5087
Jake Gyllenhaal is a person.,5088
Iron Fist is a web television series.,5089
The Nashville Songwriters Association International is shortened to NSAI.,5090
The Guest stars an actor.,5091
"Vallejo, California is in Solano County within California.",5092
Giacomo Casanova was from the Republic of Venice.,5093
David Jones (video game developer) is a programmer.,5094
The English Civil War was a series of armed conflicts and political machinations.,5095
The Kingdom of Georgia lasted for centuries.,5096
Stone Temple Pilots had an original member that had the middle name Richard.,5097
"In the California primaries, Robert F. Kennedy beat Senator Eugene McCarthy.",5098
Monica Seles's birthplace was SFR Yugoslavia.,5099
Dunkirk (2017 film) was shot by the Swedish-Dutch cinematographer Hoyte van Hoytema.,5100
Adderall shares a lot of chemical properties with the human trace amines.,5101
Mickey Mantle was given the nickname The Mick by his teammates.,5102
Tim Allen acted in a show.,5103
Drake is from Canada.,5104
Taipei is the capital.,5105
Game of Thrones (season 1) is based on a novel from the A Song of Ice and Fire series by George R. R. Martin.,5106
The U.S. Army Corps of Engineers commissioned Leslie Groves.,5107
April was the month when the Fate of the Furious was theatrically released in the United States.,5108
A seven time Formula One World Champion is Michael Shumacher.,5109
New England is located in the Western Hemisphere.,5110
Negan is a character in a television series.,5111
A Song of Ice and Fire is by someone who was born George Raymond Martin and it is in the fantasy genre.,5112
Troy Baker's indie band released an album.,5113
Remote Control Productions has provided the scores for The Lion King.,5114
Dileep (actor) assisted a director.,5115
Try was recorded by an artist.,5116
Seth MacFarlane worked on a show.,5117
Mr. Sunshine finished on ABC.,5118
Lady Gaga is known for her provocative projects.,5119
Andy Warhol was the producer of a band.,5120
Kaitlin Olson began her career in Los Angeles.,5121
Drop Dead Gorgeous follows contestants in a pageant.,5122
Emmy Rossum had a major role in a 2001 Hungarian-American biographical drama movie.,5123
"Demi Lovato's first single was ""This is Me"".",5124
The Berlin Wall was not the same length as the inner German border.,5125
The United States of America is the birthplace of Lisa Bonet.,5126
Sansa Stark is played by Sophie Turner.,5127
Garry Kasparov plays chess.,5128
"Rebecca Ferguson starred in ""Life"".",5129
Cindy McCain is the wife of a man.,5130
"Evonne Goolagong Cawley was born on July 31st, 1951.",5131
Sons of Anarchy is a creation.,5132
Christina Aguilera sold albums.,5133
Lexmark is a Chinese-owned corporation based in America.,5134
Amy Poehler is an American.,5135
The Prestige stars an actor.,5136
Death in Paradise has received ratings.,5137
Anaconda is on the third studio album by Nicki Minaj.,5138
Kumkum Bhagya is an Indian soap opera.,5139
Emily Browning made her first appearance in a movie in an Australian television movie.,5140
"Psychological horror often uses mystery elements and characters with unstable, unreliable, or disturbed psychological states to enhance the suspense and horror.",5141
Canada's official language is English.,5142
Cosmopolitan as of 2011 contains content which includes articles.,5143
Transformers: Age of Extinction stars Peter Cullen as Optimus Prime.,5144
Jared Leto has directed three videos.,5145
Hate is practiced by a Hate group against a sexual orientation.,5146
Didier Drogba is ranked fourth all-time top scorer.,5147
GPS is part of the IPhone 3G.,5148
Nicolas Cage is an American resident.,5149
Hotel Hell is a television show.,5150
Rachel McAdams completed her schooling at York University.,5151
Catherina Zeta-Jones starred in A Little Night Music.,5152
Avril Lavigne sang the song Complicated.,5153
One World Trade Center is tall.,5154
Antarctica's coast experiences an annual precipitation of eight inches.,5155
Aaliyah titled her second album One in a Million.,5156
Sister Act features musical arrangements by an Oscar-nominated American composer and lyricist.,5157
International Relations includes demography.,5158
Arkham Asylum's patients include a villain.,5159
Jack Nicholson is the most nominated male actor in the history of the Emmys.,5160
"Spider-Man has been portrayed by Tobey Maguire, Andrew Garfield, and Tom Holland in films.",5161
Newfoundland and Labrador is linguistically homogeneous.,5162
The Berlin Wall was not the same length as the inner German border.,5163
Odin rides a flying object.,5164
Michelle Williams was nominated for a Youth in Film.,5165
Dungeons & Dragons was designed by two guys.,5166
Kaitlin Olson began her career in Los Angeles.,5167
Michael Fassbender appears in the film Alien: Covenant.,5168
Roman Atwood is a prankster.,5169
Andorra is landlocked.,5170
J. Howard Marshall's first name is James.,5171
Shania Twain plays music.,5172
Mike Judge is a director.,5173
Eagles second live album was Hell Freezes Over.,5174
Planet of the Apes is an American film.,5175
Klute is an American film.,5176
The Carolina Panthers is based in North Carolina.,5177
Dungeons & Dragons was designed by two guys.,5178
Iris Murdoch was a writer.,5179
Michelle Obama gave speeches at two Democratic National Conventions.,5180
Tamara Taylor was born in the summer or fall.,5181
Broadcast News is a 1987 film.,5182
Margaret Atwood is a novelist who writes poetry.,5183
Episodes of Sense8 were only directed by frequent collaborators of the Wachowskis.,5184
New York contains Niagara Falls in the north.,5185
David Cronenberg has a cameo in To Die For.,5186
Gujarat has a coastline.,5187
"O. J. Simpson was born July 9th, 1947.",5188
Delta Air Lines is a carrier.,5189
The killer whale is an oceanic dolphin.,5190
Birth complications may result in hearing loss.,5191
Ford Motor Company is not as large as another automaker.,5192
Jeff Bezos founded the website Amazon.com.,5193
Robert Lee Yates killed thirteen women.,5194
Andrew Jackson was a person.,5195
The United States has over 324 million people.,5196
Conor McGregor signed with the UFC.,5197
"Giampaolo Pazzini represented his country, Italy, at the 2010 FIFA World Cup.",5198
Overwatch (video game) had character introduction through animation.,5199
Jorah Mormont is played by a Scottish actor of the stage.,5200
Tom Felton is an actor.,5201
"Philadelphia is home to the first U.S. medical school, founded in 1765.",5202
Beautiful won a Grammy award.,5203
Juliette Binoche worked with André Téchiné.,5204
Glee had a first season.,5205
Gianluigi Buffon won the UEFA Club Footballer of the Year for the second time in June of 2003.,5206
Slash was in a band.,5207
Tunisia was introduced to Christianity and its variations.,5208
"Wentworth's filming took place in Clayton, Victoria.",5209
Yardie is a work.,5210
Sue Sylvester is portrayed by an actress.,5211
Lil Wayne has released the album Tha Carter IV.,5212
George Tuska wrote under the pen name Carl Larson.,5213
Greyson Chance is a singer.,5214
The first woman to be entombed in the Pantheon in Paris based on her own merits was Marie Curie.,5215
Nitrogen reacts with Plutonium.,5216
Chris Hemsworth is an actor.,5217
Pink Floyd were inducted into the American Rock and Roll Hall of Fame in 1996.,5218
Michael Douglas and James Bridges have worked together.,5219
A Golden Globe Award has been won by Jane Lynch.,5220
Ramzan Kadyrov was born in the 20th century.,5221
Texas has piney woods.,5222
The filming of Arsenic and Old Lace occurred in 1941.,5223
Syd Barrett was the lead guitarist for Pink Floyd.,5224
Reese Witherspoon serves on the committee of the Children's Defense Fund.,5225
Here Comes the Sun was recorded by a British band.,5226
Unleashed is a movie.,5227
"Jennifer Grey was born on March 26th, 1960.",5228
George Washington served as the first president.,5229
The English Civil War was a series of armed conflicts and political machinations.,5230
Escape from Planet Earth is a science fiction film.,5231
Kurt Angle has twice won the King of the Mountain match.,5232
Pregnancy symptoms include various ailments.,5233
Furious 7 finished filming in summer 2014.,5234
The Host stars an actor.,5235
"One Direction made Up All Night (2011), Take Me Home (2012), Midnight Memories (2013), Four (2014), and Made in the A.M. (2015), ``What Makes You Beautiful'', ``Live While We 're Young'', ``Best Song Ever'', ``Story of My Life'', and ``Drag Me Down''.",5236
Ron Cobb is an artist.,5237
Steve Jobs was a businessman.,5238
Mirka Federer is Swedish.,5239
Andorra is landlocked.,5240
Khal Drogo was introduced in 1996.,5241
Earl Warren held the office of Chief Justice of the United States for 16 years.,5242
Abraham Lincoln lost a Senate race to Stephen A. Douglas.,5243
The Comeback has at least one season.,5244
Lipstick Under My Burkha has audio pornography as well as sexual scenes.,5245
Alfred Hitchcock framed shots to show at least one emotion.,5246
Ted Kaczynski produced a manifesto.,5247
"Maggie Gyllenhaal has the birthday of November 16, 1977.",5248
The Great Debaters features Jermaine Williams in a starring role.,5249
Arnold Schwarzenegger's breakthrough film as an actor was released in 1982.,5250
The Invention of Lying's cast includes Jonah Hill.,5251
Ready Player One was sold in 2010.,5252
God in Islam's theology is the creator of everything in existence.,5253
Gia is a film that dramatizes the life of Gia Marie Carangi.,5254
The Emoji Movie was produced by an animation studio.,5255
Apple's year of founding was 1976.,5256
Andrew Jackson was a person.,5257
Aishwarya Rai received the fourth highest civilian award called Padma Shri by the Government of India in 2009.,5258
"Marble Hill, Manhattan is a New York City neighborhood.",5259
"Pitch Perfect 3 stars Anna Kendrick, Anna Camp, Rebel Wilson, Brittany Snow, Hailee Steinfeld, Alexis Knapp, Ester Dean, Hana Mae Lee, Chrissie Fit, Kelley Jakle.",5260
Cracks's had its theatrical release in UK and Ireland.,5261
Coldplay is from Britain.,5262
Steven Tyler sings lead vocals for a Boston-based rock band.,5263
John Lennon was a writer.,5264
Conan O'Brien is a producer of television.,5265
Philosophy is included in International Relations.,5266
Portia de Rossi worked with an actor.,5267
Abu Bakr al-Baghdadi was accused of a crime.,5268
The cell is the basic biological and functional unit of all living organisms.,5269
Twitter had more than 100 million users in winter of 2012.,5270
The Xbox One uses an input device called the Kinect.,5271
Hunter S. Thompson was a journalist.,5272
A school Alexander Hamilton attended was located in Manhattan.,5273
John Williams works with Steven Spielberg.,5274
Sa Talaiassa is a mountain.,5275
Arnold Schwarzenegger was in an American science-fiction film.,5276
Aruba is without administrative subdivisions.,5277
Psychology is a branch of academic study.,5278
"Saskatchewan had an estimated population of 1,114,170 in December of 2013.",5279
The internet originated in research conducted in the 20th century.,5280
Ulysses S. Grant served as President of the United States.,5281
Heather Watson is a Wimbledon Mixed Doubles Champion.,5282
GPS is part of the IPhone 3G.,5283
Music Bank (TV series) has had Ji Sung as a host.,5284
Famous in Love stars an actor.,5285
Cosmopolitan was transformed into a literary magazine before changing again.,5286
Snoop Dogg was in the main cast of the film short Murder Was the Case.,5287
Steve Mouzakis was a cast member of a fantasy drama film.,5288
2001: A Space Odyssey was edited.,5289
Rajon Rondo is a defensive basketball player.,5290
Ruth Negga is a film actress.,5291
Apple Inc.'s consumer software includes the Safari web browser.,5292
England shares land borders with Scotland and Wales.,5293
1965 was the year J. K. Rowling was born.,5294
Instant film was introduced by Polaroid.,5295
Rod Serling clashed with people over war.,5296
Phantoms is a 1998 film.,5297
Ilkhanate contained large amounts of territory.,5298
Edward Norton directed Keeping the Faith.,5299
Gerald Ford was the President of the United States.,5300
H. H. Holmes was the owner of a building located west of Chicago.,5301
Justin Timberlake made an appearance on Star Search.,5302
The United States was not in a state of geopolitical tension with the Soviet Union after World War II.,5303
The Berlin Wall was not as long as the inner German border.,5304
Avengers: Age of Ultron premiered in LA in April of 2015.,5305
Animal Farm is included in Time's All-Time 100 Novels selection.,5306
Titanic is a motion picture.,5307
War Dogs stars an actor.,5308
"J. Cole was born on January 28th, 1985.",5309
Lara Croft: Tomb Raider has an appearance by Daniel Craig.,5310
Fairfield Grammar School was in Europe.,5311
The Void was previously shown at the Toronto After Dark Film Festival.,5312
Michelle Williams was nominated for a Youth in Film.,5313
Ringo Starr experienced two life-threatening illnesses during childhood.,5314
John McCain adheres to conservative principles.,5315
Billy Clanton has stolen something.,5316
Miyu Irino voices a character in a game series owned by Disney Interactive Studios.,5317
Barack Obama will have a presidential library built in his honor.,5318
The United States meets the North Atlantic Ocean.,5319
Nick Nolte was a cast member in The Thin Red Line.,5320
Popeye features Shelley Duvall as Olive Oyl.,5321
Dopamine is in the brain.,5322
Life Is Peachy is a 1996 album.,5323
Don't Forget Where You Belong was written by Niall Horan.,5324
Devdas won awards.,5325
The Boston Celtics play their home games at an arena.,5326
Nigeria is in a continent.,5327
David Mazouz played Jacob Bohm.,5328
Tom Hardy was in a post-apocalyptic film.,5329
Flash Thompson becomes friends with Peter Parker.,5330
Earl Warren held the office of Chief Justice of the United States for 16 years.,5331
Poland is a parliamentary republic in Central Europe.,5332
Odin is from Norse Mythology.,5333
The Fujitsu iPAD is a device that is designed to be held in the hands.,5334
Jeremy Allen White was in The Speed of Life.,5335
Yale School of Drama was first founded in the year 1924.,5336
Jackfruit is autochthonous to parts of Southeast Asia.,5337
Karl Urban played Eomer in Peter Jackson's The Lord of the Rings trilogy.,5338
Cher is one of the best-selling music artists.,5339
Ludacris was on MTV.,5340
Kathy Bates played a major role in a movie.,5341
Big Bang released a Japanese album at some point.,5342
Karan Johar is a film director.,5343
Ariana Grande's albums have been certified platinum.,5344
Cheaper by the Dozen starred Steve Martin.,5345
Cara Delevingne had a major role as Kath Talent in a thriller film.,5346
Leonardo da Vinci was an author.,5347
Bobby Moore was a footballer.,5348
Guardians of the Galaxy came out in American theaters.,5349
Mike Tyson boxed professionally.,5350
Portia de Rossi worked with an actor.,5351
Seppuku is a ritual.,5352
Elvis was directed by a man.,5353
Tom Cruise has been nominated for Academy Awards.,5354
"Lithuania's capital, and largest city, is Vilnius.",5355
Alec Sokolow produced the fantasy film Gnomes and Trolls: The Secret Chamber.,5356
Bob Arum is the founder of a company.,5357
Caitlyn Jenner is a transgender woman.,5358
Penny Dreadful had episodes.,5359
"Ancient Algeria has known many empires and dynasties, such as the Umayyads.",5360
Venus Williams plays singles in tennis.,5361
Shakira is a dancer.,5362
Budapest was involved in the Hungarian Revolution.,5363
The Eagles are a band.,5364
The World According to Paris starred Hilton's then-boyfriend.,5365
Gia is a movie.,5366
Taal was romantic.,5367
Robert Bolt was the screenwriter for The Bounty.,5368
Colin Firth was nominated for an Academy Award.,5369
Karan Johar is a film director.,5370
Olivia Munn has a career.,5371
Bhagat Singh was a movie role performed by Ajay Devgn.,5372
Less than 50% of Texas's land area is desert.,5373
Costa Rica is in Central America.,5374
Fairfield Grammar School was founded in 1898.,5375
Tender Mercies is a film from the 1980's.,5376
Jerry Maguire was worked on by Leigh Steinberg.,5377
Gwen Stefani performs with four Japanese and Japanese American girls.,5378
Austria is neutral.,5379
Asia is south of an ocean.,5380
In the comedy Get Him to the Greek Nick Kroll has a supporting role.,5381
Hot was by a British pop singer.,5382
Observer Media is a company.,5383
River Phoenix rose to fame from being in films and television appearances.,5384
Futurama has merchandise that is related to it.,5385
"Rolling Stone magazine labeled Led Zeppelin as ""the biggest band of the Seventies.""",5386
William Shakespeare is widely regarded as the world's pre-eminent playwright.,5387
Nicki Minaj was born on an island near South America.,5388
Tom Felton has an acting career.,5389
Steven Spielberg collaborated with Jerry Goldsmith.,5390
Colin Quinn is an American stand-up comedian.,5391
How to Train Your Dragon (film) failed to win the Academy Award for Best Animated Feature.,5392
My Summer of Love is a film.,5393
Iran is the 18th-largest city in the world.,5394
The ninth-largest economy by purchasing power parity is the United Kingdom.,5395
Hisense acquired at least one right in 2015.,5396
Generation X has no exact dating for its defining characteristic.,5397
Gianluigi Buffon has won football titles.,5398
Australia is a country in the Pacific Ocean as well as a member of 8 intergovernmental organizations.,5399
Seal performed a song.,5400
Dominick Dunne was a journalist.,5401
Titanic is a work.,5402
Cannibalism is the act of humans eating the flesh or internal organs of other primates.,5403
The Nintendo Switch is a video game console that uses Joy-Con wireless controllers.,5404
Catching Fire is a sequel to The Hunger Games.,5405
Michelle Williams is a person.,5406
Ilkhanate contained large amounts of territory.,5407
Lauren Graham received one Golden Globe nomination.,5408
Islam is a system of faith.,5409
Danny DeVito does work on the World Wide Web.,5410
How to Train Your Dragon (film) lost to an American biographical drama film.,5411
Wild has an actor.,5412
The Simpsons is a Fox television show.,5413
Splash is a film.,5414
Seal is an English songwriter.,5415
The Nashville Songwriters Association International provides education.,5416
Green Day has made at least eight studio albums.,5417
The biggest ethnic groups in Iraq are Arabs and Kurds.,5418
Dumb and Dumber is a film released in 1994.,5419
Jean-Martin Charcot was from France.,5420
Jennifer Hudson was in a singing competition.,5421
Rachel McAdams worked on a project directed by an American.,5422
Las Vegas is a city.,5423
"Mariah Carey is referred to as the ""bird supreme"" by the Guinness World Records.",5424
J. Cole founded Dreamville records.,5425
Coldplay is a group.,5426
Android was evidence in a copyright litigation.,5427
Miranda Cosgrove is a person.,5428
Akira Toriyama achieved mainstream recognition.,5429
The 25th was the day a remixed version of See You Again (Miley Cyrus song) was released.,5430
Wentworth is a television series.,5431
Rebecca Hall was in a film.,5432
"England takes its title from the Angles, a Germanic tribe.",5433
Julia Louis-Dreyfus is a female actor.,5434
Rafael Nadal won an annual tennis tournament for the eighth time in 2012.,5435
Jimmy Wales is an American.,5436
Xi Jinping was the Vice Chairman of the Central Military Commission.,5437
"Marble Hill, Manhattan is a New York City neighborhood.",5438
Saint Peter did not found churches.,5439
Above the Law was released in 1988.,5440
Las Vegas's population growth has increased revenue.,5441
American art culture has been influenced by Billy Joel.,5442
Didier Drogba was a former team captain.,5443
World War I involved the world's economic great powers.,5444
Cosmopolitan as of 2011 contains content which includes articles.,5445
Sansa Stark is a fictional person in Game of Thrones.,5446
Nepal is the 93rd largest country in the world by area.,5447
Richard Gere starred in a film from 2012.,5448
Dead Man Down stars an Irish actor born in 1976.,5449
Lily James appeared in television roles.,5450
Reese Witherspoon serves on the committee of the Children's Defense Fund.,5451
Quinoa is in the amaranth family.,5452
Michael McCary was a bass singer in Boyz II Men.,5453
David Bowie received gold certifications in the United States.,5454
Splatoon 2 is a game.,5455
Edward I of England responded to a second rebellion with a full-scale war of attrition.,5456
Ireland is not landlocked.,5457
"Destiny was released on September 9, 2014.",5458
Tanzania is a place.,5459
Robert Duvall starred in five films.,5460
The ability to search telephone records without court order will be granted to the FBI from the Patriot Act.,5461
United States Congress has 435 Representatives and 100 Senators.,5462
San Francisco is the location of a bridge.,5463
Followers of asceticism eschew pleasures.,5464
Emily Browning made her first appearance in a movie in an Australian television movie.,5465
O. J. Simpson is a current or former football player.,5466
Star Trek (film series) have received 15 award nominations.,5467
George Tuska wrote under the pen name Carl Larson.,5468
Adam Sandler voice acted in Hotel Transylvania 2.,5469
Jean-Martin Charcot taught anatomical pathology.,5470
Braveheart won an Academy Award for Best Makeup.,5471
"Michael C. Hall had a role in the television series Dexter, as the titular character.",5472
Emily Blunt played a supporting role in The Devil Wears Prada.,5473
Doctor Doom is the leader of the fictional nation of Latveria.,5474
The Departed was produced by Brad Pitt.,5475
Alicia Vikander appeared in The Fifth Estate.,5476
Moana is a computer-animated film from 2016.,5477
Robert Bolt was the screenwriter for The Bounty.,5478
WWI began in Europe.,5479
Slash writes songs.,5480
Octopuses use camouflage and deimatic displays to protect themselves.,5481
Ford Motor Company produced vehicles in 2015.,5482
Rupert Wyatt works with video.,5483
Prison Break has more than one season.,5484
Black Sabbath is a rock band from England.,5485
Kim Basinger is a singer.,5486
Followers of asceticism eschew pleasures.,5487
The Lion King is an artistic work.,5488
The Fall (Gorillaz album) features an English artist Paul Simonon.,5489
Sue Vertue was born on September 21.,5490
Until Dawn received a positive response.,5491
Reds was produced by Warren Beatty.,5492
The Avengers (2012 film) features Robert Downey Jr.,5493
Gunday was written and directed by Ali Abbas Zafar.,5494
Saw VI is a horror film.,5495
"David Schwimmer graduated from a university based in Evanston, Illinois.",5496
Russ belongs to a rap group.,5497
Nigeria is the seventh most populous country in the world.,5498
"Kolyma has rich reserves of gold, silver, tin, tungsten, mercury, copper, antimony, coal, oil, and peat.",5499
"Lilith translates to ""night monster.""",5500
Ceres is within the orbit of Neptune and Pluto.,5501
Troy Baker's indie band released their debut album in the 2000s.,5502
Back to the Future Part II is a comedy.,5503
Taraji P. Henson starred in a 2012 American romantic comedy film.,5504
Usher was born in Texas.,5505
Charlie Chaplin's childhood was in London and he became a film director.,5506
Christie Brinkley has had four marriages.,5507
J. Cole was the founder of the Dreamville Foundation.,5508
"Mauritius was a British colony until 1968, when Britain relinquished the territory.",5509
Tom Hanks has been given a Presidential Medal of Freedom from President Barack Obama.,5510
In 2005 T-Pain released an album.,5511
O. J. Simpson is a current or former football player.,5512
The 1997 Locus Award was won by A Game of Thrones.,5513
Maisie Williams is a woman.,5514
The English Civil War's Parliamentarians were also known as a different name.,5515
Richard Curtis is the co-founder of the charity Comic Relief.,5516
FC Barcelona is operated by its supporters.,5517
Minneapolis lies on both banks of the Mississippi River in Minnesota.,5518
Flash Thompson becomes friends with Peter Parker.,5519
Take a Bow is a single.,5520
Minions was written by Brian Lynch and directed by Pierre Coffin and Kyle Balda.,5521
